Workbook

Sheet Dashboard
A1: NETFLIX DASHBOARD
A5: ="TOTAL TITLES"&CHAR(10)&TEXT(Model!$M$19,"0") -> TOTAL TITLES 8807 | F5: ="MOVIES"&CHAR(10)&TEXT(Model!$B$5,"0") -> MOVIES 6131 | K5: ="TV SHOWS"&CHAR(10)&TEXT(Model!$B$6,"0") -> TV SHOWS 2676 | P5: ="TV-MA SHARE"&CHAR(10)&TEXT(Model!$M$22,"0.0%") -> TV-MA SHARE 36.4%
A10: FILTER CONTROLS
A11: Content Type | E11: Release Period | I11: Rating | M11: ="Selection: "&$A$12&" • "&$E$12&" • "&$I$12 -> Selection: All • All • All
A12: All | E12: All | I12: All
A14: ="Portfolio mix: "&TEXT(Model!$M$20,"0.0%")&" movies and "&TEXT(Model!$M$21,"0.0%")&" TV shows • Latest release year in source: "&Model!$M$23 -> Portfolio mix: 69.6% movies and 30.4% TV shows • Latest release year in source: 2021
O50: DASHBOARD NOTES • Use the dropdowns above to make the dashboard feel interactive; KPI formulas reference the model tables. • Content Mix highlights the Movie / TV Show balance. • Country and Genre rankings expose concentration in the catalog. • Trend charts show how the catalog and additions changed across years. • The workbook includes a source page and a sample data snapshot for transparency.

Sheet Model
A1: NETFLIX DASHBOARD MODEL
A2: Source: Kaggle — Netflix Movies and TV Shows (Shivam Bansal). Aggregate tables below are used to power the dashboard.
A4: Content Type | B4: Titles | C4: Share | E4: Release Period | F4: Movie | G4: TV Show | H4: Total | J4: Top Country | K4: Titles | M4: Top Genre | N4: Titles
A5: Movie | B5: 6131 | C5: =B5/SUM($B$5:$B$6) -> 0.69615079 | E5: Pre-2010 | F5: 1035 | G5: 148 | H5: =SUM(F5:G5) -> 1183 | J5: United States | K5: 2818 | M5: International Movies | N5: 2752
A6: TV Show | B6: 2676 | C6: =B6/SUM($B$5:$B$6) -> 0.30384921 | E6: 2010-2014 | F6: 961 | G6: 295 | H6: =SUM(F6:G6) -> 1256 | J6: India | K6: 972 | M6: Dramas | N6: 2427
E7: 2015-2019 | F7: 3223 | G7: 1448 | H7: =SUM(F7:G7) -> 4671 | J7: United Kingdom | K7: 419 | M7: Comedies | N7: 1674
E8: 2020-2021 | F8: 794 | G8: 751 | H8: =SUM(F8:G8) -> 1545 | J8: Japan | K8: 245 | M8: International TV Shows | N8: 1351
J9: South Korea | K9: 199 | M9: Documentaries | N9: 869
J10: Canada | K10: 181 | M10: Action & Adventure | N10: 859
J11: Spain | K11: 145 | M11: TV Dramas | N11: 763
J12: France | K12: 124 | M12: Independent Movies | N12: 756
J13: Mexico | K13: 110 | M13: Children & Family Movies | N13: 641
J14: Egypt | K14: 106 | M14: Romantic Movies | N14: 616
A18: Release Year | B18: Movie | C18: TV Show | D18: Total | F18: Rating | G18: Titles | I18: Year Added | J18: Titles | L18: Metric | M18: Value | N18: Formula basis
A19: 2009 | B19: 118 | C19: 34 | D19: =SUM(B19:C19) -> 152 | F19: TV-MA | G19: 3207 | I19: 2008 | J19: 2 | L19: Total Titles | M19: =SUM($B$5:$B$6) -> 8807 | N19: Movie + TV Show
A20: 2010 | B20: 154 | C20: 40 | D20: =SUM(B20:C20) -> 194 | F20: TV-14 | G20: 2160 | I20: 2009 | J20: 2 | L20: Movie Share | M20: =$B$5/$M$19 -> 0.69615079 | N20: Movie / Total
A21: 2011 | B21: 145 | C21: 40 | D21: =SUM(B21:C21) -> 185 | F21: TV-PG | G21: 863 | I21: 2010 | J21: 1 | L21: TV Show Share | M21: =$B$6/$M$19 -> 0.30384921 | N21: TV Show / Total
A22: 2012 | B22: 173 | C22: 64 | D22: =SUM(B22:C22) -> 237 | F22: R | G22: 799 | I22: 2011 | J22: 13 | L22: TV-MA Share | M22: =$G$19/$M$19 -> 0.36414216 | N22: TV-MA / Total
A23: 2013 | B23: 225 | C23: 63 | D23: =SUM(B23:C23) -> 288 | F23: PG-13 | G23: 490 | I23: 2012 | J23: 3 | L23: Latest Release Year | M23: =MAX($A$19:$A$32) -> 2021 | N23: Max source release year
A24: 2014 | B24: 264 | C24: 88 | D24: =SUM(B24:C24) -> 352 | F24: TV-Y7 | G24: 334 | I24: 2013 | J24: 11
A25: 2015 | B25: 398 | C25: 162 | D25: =SUM(B25:C25) -> 560 | F25: TV-Y | G25: 307 | I25: 2014 | J25: 24
A26: 2016 | B26: 658 | C26: 244 | D26: =SUM(B26:C26) -> 902 | F26: PG | G26: 287 | I26: 2015 | J26: 82
A27: 2017 | B27: 767 | C27: 265 | D27: =SUM(B27:C27) -> 1032 | F27: TV-G | G27: 220 | I27: 2016 | J27: 426
A28: 2018 | B28: 767 | C28: 380 | D28: =SUM(B28:C28) -> 1147 | F28: NR | G28: 80 | I28: 2017 | J28: 1185
A29: 2019 | B29: 633 | C29: 397 | D29: =SUM(B29:C29) -> 1030 | F29: G | G29: 41 | I29: 2018 | J29: 1648
A30: 2020 | B30: 517 | C30: 436 | D30: =SUM(B30:C30) -> 953 | F30: TV-Y7-FV | G30: 6 | I30: 2019 | J30: 2016
A31: 2021 | B31: 277 | C31: 315 | D31: =SUM(B31:C31) -> 592 | F31: NC-17 | G31: 3 | I31: 2020 | J31: 1879
D32: =SUM(B32:C32) -> 0 | I32: 2021 | J32: 1498

Sheet Dataset Snapshot
A1: show_id | B1: type | C1: title | D1: director | E1: cast | F1: country | G1: date_added | H1: release_year | J1: Dataset Field | K1: Purpose
A2: s1 | B2: TV Show | C2: Money Heist | D2: Unknown | E2: Álvaro Morte, Úrsula Corberó | F2: Spain | G2: May 24, 2021 | H2: 2017 | J2: show_id | K2: Unique title identifier
A3: s2 | B3: Movie | C3: 13TH | D3: Ava DuVernay | E3: Samuel L. Jackson | F3: United States | G3: Oct 1, 2020 | H3: 2016 | J3: type | K3: Movie or TV Show
A4: s3 | B4: Movie | C4: The Great Wall | D4: Yimou Zhang | E4: Matt Damon | F4: China, United States | G4: Oct 1, 2019 | H4: 2016 | J4: title | K4: Title name
A5: s4 | B5: TV Show | C5: Stranger Things | D5: The Duffer Brothers | E5: Winona Ryder, David Harbour | F5: United States | G5: Jul 15, 2016 | H5: 2016 | J5: date_added | K5: Date content was added to Netflix
A6: s5 | B6: Movie | C6: Narcos: Mexico | D6: Unknown | E6: Michael Peña, Diego Luna | F6: Mexico, United States | G6: Nov 16, 2018 | H6: 2018 | J6: release_year | K6: Original release year
A7: s6 | B7: Movie | C7: Lagaan | D7: Ashutosh Gowariker | E7: Aamir Khan, Gracy Singh | F7: India | G7: Apr 1, 2021 | H7: 2001 | J7: rating | K7: Audience/content rating
A8: s7 | B8: TV Show | C8: Delhi Crime | D8: Richie Mehta | E8: Shefali Shah, Rasika Dugal | F8: India | G8: Mar 22, 2019 | H8: 2019
A9: s8 | B9: Movie | C9: Extraction | D9: Sam Hargrave | E9: Chris Hemsworth | F9: United States | G9: Apr 24, 2020 | H9: 2020
A10: s9 | B10: Movie | C10: Dangal | D10: Nitesh Tiwari | E10: Aamir Khan, Fatima Sana Shaikh | F10: India | G10: Aug 15, 2017 | H10: 2016
A11: s10 | B11: TV Show | C11: The Crown | D11: Peter Morgan | E11: Claire Foy, Olivia Colman | F11: United Kingdom | G11: Nov 4, 2016 | H11: 2016
A12: s11 | B12: Movie | C12: Roma | D12: Alfonso Cuarón | E12: Yalitza Aparicio | F12: Mexico | G12: Dec 14, 2018 | H12: 2018
A13: s12 | B13: TV Show | C13: Dark | D13: Baran bo Odar, Jantje Friese | E13: Louis Hofmann | F13: Germany | G13: Jun 21, 2019 | H13: 2017

Sheet Sources
A1: Source | B1: URL | C1: Use | D1: Notes
A2: Kaggle — Netflix Movies and TV Shows | B2: https://www.kaggle.com/shivamb/netflix-shows | C2: Primary dataset reference | D2: Public Kaggle dataset page
A3: Kaggle notebook — Exploratory Analysis | B3: https://www.kaggle.com/code/shivamb/netflix-shows-and-movies-exploratory-analysis | C3: Cross-check / analysis ideas | D3: Dataset exploration
A4: Dataset schema | B4: netflix_titles.csv | C4: 12 columns | D4: show_id, type, title, director, cast, country, date_added, release_year, rating, duration, listed_in, description
A5: Record count | B5: 8,807 | C5: Dashboard scope | D5: Current Kaggle Netflix Titles dataset version used for this workbook
A6: Workbook note | B6: This file contains the dashboard model plus a small sample snapshot. | C6: Transparency | D6: Aggregate visualizations are powered by the model tables in this workbook.

Sheet Lists
A1: Content Type | B1: Release Period | C1: Rating
A2: All | B2: All | C2: All
A3: Movie | B3: Pre-2010 | C3: TV-MA
A4: TV Show | B4: 2010-2014 | C4: TV-14
B5: 2015-2019 | C5: TV-PG
B6: 2020-2021 | C6: R
C7: PG-13
C8: TV-Y7
C9: TV-Y
C10: PG
C11: TV-G
C12: NR
C13: G
C14: TV-Y7-FV
C15: NC-17
C16: UR
